2,-0.194972,0.642058,0.530366,1270.85
2,-0.189375,0.656785,0.525621,1316.97
2,-0.185217,0.653991,0.519108,1354.78
2,-0.185136,0.652831,0.513774,1372.63
2,-0.185738,0.653386,0.511583,1376.44
2,-0.181808,0.6522,0.509702,1399.1
2,-0.179564,0.657113,0.503738,1436.28
2,-0.176516,0.655088,0.502354,1445.26
2,-0.175672,0.655712,0.501611,1446.84
2,-0.178861,0.656735,0.496768,1462.39
2,-0.179149,0.655935,0.495345,1467.77
2,-0.1791,0.657169,0.494103,1473.41
2,-0.178636,0.65538,0.492644,1477.71
2,-0.177013,0.654716,0.487105,1512.34
2,-0.175983,0.656128,0.486486,1516.76
2,-0.176947,0.655695,0.485226,1518.83
2,-0.176959,0.655553,0.484359,1519.66
2,-0.175775,0.655951,0.48296,1527.73
2,-0.175495,0.656472,0.482318,1528.94
2,-0.175827,0.656586,0.481428,1530.43
2,-0.175408,0.657278,0.480274,1535.82
2,-0.175584,0.656752,0.478491,1543.23
2,-0.176013,0.656733,0.477548,1545.2
2,-0.173621,0.655749,0.476113,1554.27
2,-0.173694,0.655589,0.475343,1555.48
2,-0.17411,0.655317,0.474521,1555.97
2,-0.17448,0.655416,0.473396,1558.28
2,-0.175218,0.654127,0.472501,1558.9
2,-0.173536,0.655069,0.471408,1564.83
2,-0.172388,0.656504,0.469842,1573.81
2,-0.171247,0.657181,0.469254,1575.79
2,-0.170456,0.657446,0.468435,1578.61
2,-0.168926,0.656855,0.467813,1579.84
2,-0.165186,0.656507,0.466834,1587.21
2,-0.16375,0.65666,0.465681,1592.77
2,-0.164112,0.656036,0.464943,1593.78
2,-0.163552,0.655608,0.464327,1595.1
2,-0.161465,0.654182,0.463185,1599.38
2,-0.160127,0.654291,0.461159,1611.05
2,-0.160049,0.654513,0.460254,1612.45
2,-0.160122,0.654767,0.459644,1612.79
2,-0.160825,0.655208,0.458668,1614.79
2,-0.160886,0.654243,0.458009,1615.92
2,-0.161041,0.653898,0.457217,1616.86
2,-0.161206,0.65425,0.456677,1617.51
2,-0.161036,0.654907,0.455654,1621.23
2,-0.160996,0.656039,0.454888,1622.32
2,-0.161305,0.656147,0.453941,1624.54
2,-0.161479,0.656113,0.453217,1625.29
2,-0.162541,0.658897,0.452103,1628.69
2,-0.159328,0.659883,0.450739,1635.24
2,-0.159205,0.660046,0.45018,1635.81
2,-0.160262,0.660129,0.449278,1637.63
2,-0.160695,0.659743,0.448421,1640.65
2,-0.161751,0.660882,0.447265,1646.32
2,-0.163308,0.661635,0.446112,1649.05
2,-0.162933,0.662327,0.445525,1649.59
2,-0.161193,0.661989,0.444481,1653.15
2,-0.160903,0.662223,0.443824,1654.02
2,-0.162292,0.661929,0.443007,1655.8
2,-0.162544,0.66079,0.442234,1656.99
2,-0.162393,0.660678,0.441683,1657.26
2,-0.162312,0.659672,0.440854,1660.47
2,-0.161893,0.659572,0.440268,1661.09
2,-0.161854,0.659184,0.439684,1661.75
2,-0.161914,0.658139,0.438861,1664.42
2,-0.159572,0.658352,0.437896,1669.02
2,-0.160152,0.658491,0.437241,1669.75
2,-0.160041,0.657898,0.436455,1672.24
2,-0.161023,0.657724,0.435552,1674.1
2,-0.160428,0.659059,0.434841,1676.31
2,-0.160187,0.659071,0.434312,1676.6
2,-0.160338,0.659911,0.433767,1677.31
2,-0.160112,0.660009,0.433138,1679.01
2,-0.159388,0.659781,0.432495,1680.16
2,-0.16018,0.659828,0.4319,1681.43
2,-0.160109,0.659914,0.431282,1681.94
2,-0.160224,0.659373,0.430685,1682.42
2,-0.161227,0.658348,0.429702,1685.76
2,-0.161476,0.658465,0.429119,1686.12
2,-0.161895,0.659879,0.427977,1690.91
2,-0.162852,0.65948,0.427208,1692.69
2,-0.163105,0.65944,0.426699,1693.4
2,-0.162906,0.659122,0.426111,1694.47
2,-0.162538,0.659386,0.425579,1694.9
2,-0.163403,0.658732,0.424654,1698.13
2,-0.164503,0.66009,0.423198,1705.5
2,-0.165504,0.659726,0.42234,1706.97
2,-0.16551,0.659852,0.421767,1707.48
2,-0.164334,0.659103,0.42063,1713.13
2,-0.16507,0.658931,0.420008,1713.96
2,-0.164067,0.658824,0.41953,1714.4
2,-0.1638,0.658921,0.418934,1715.24
2,-0.164495,0.658702,0.418136,1718
2,-0.164733,0.65991,0.417042,1722.83
2,-0.165606,0.660225,0.416401,1723.68
2,-0.167114,0.661542,0.414399,1735.55
2,-0.167304,0.661391,0.413684,1737.33
2,-0.166391,0.661758,0.413211,1738.07
2,-0.166125,0.660738,0.4126,1739.68
2,-0.165244,0.660897,0.411687,1743.27
2,-0.165705,0.660781,0.410945,1744.87
2,-0.16549,0.660319,0.410408,1745.98
2,-0.164955,0.660749,0.409721,1748.61
2,-0.165369,0.662331,0.408999,1752.84
2,-0.16426,0.662297,0.408101,1756.64
2,-0.16499,0.662421,0.407309,1758.76
2,-0.16418,0.663046,0.40665,1762.35
2,-0.166074,0.660685,0.405823,1765.34
2,-0.166317,0.661233,0.404906,1770.18
2,-0.166815,0.661972,0.404153,1772.17
2,-0.166281,0.661685,0.403648,1773
2,-0.165691,0.661662,0.403138,1773.55
2,-0.165802,0.662195,0.402575,1773.95
2,-0.165431,0.662399,0.402023,1774.49
2,-0.165624,0.662206,0.400966,1778.84
2,-0.165433,0.663051,0.400379,1780.08
2,-0.165354,0.664004,0.399724,1782.14
2,-0.165377,0.662739,0.39864,1785.58
2,-0.164195,0.662359,0.39811,1786.14
2,-0.164248,0.662349,0.397462,1787.44
2,-0.163789,0.662583,0.39699,1787.68
2,-0.164179,0.662834,0.396476,1788
2,-0.163285,0.662972,0.395843,1790.24
2,-0.163172,0.662455,0.395219,1791
2,-0.163066,0.662552,0.394582,1792.46
2,-0.163242,0.662761,0.39381,1795.49
2,-0.164452,0.66122,0.392879,1798.76
2,-0.164745,0.661357,0.392298,1800.02
2,-0.164802,0.661706,0.391623,1800.94
2,-0.164007,0.661753,0.391143,1801.64
2,-0.1631,0.66063,0.390412,1804.3
2,-0.163342,0.659921,0.389697,1806.14
2,-0.163061,0.660278,0.389218,1806.4
2,-0.162582,0.660824,0.388781,1806.68
2,-0.163427,0.661463,0.388081,1808.02
2,-0.163584,0.660648,0.387501,1809.63
2,-0.163786,0.660545,0.386743,1811.62
2,-0.162784,0.660187,0.386276,1812.16
2,-0.162568,0.65959,0.38569,1813.04
2,-0.164324,0.659375,0.384899,1815.11
2,-0.16307,0.659195,0.384376,1815.75
2,-0.162921,0.658416,0.383704,1817.63
2,-0.162735,0.657401,0.383184,1818.26
2,-0.163924,0.657675,0.382332,1820.77
2,-0.164672,0.657521,0.381756,1821.85
2,-0.163273,0.659483,0.381009,1824.37
2,-0.164383,0.659719,0.380525,1825.15
2,-0.164165,0.659181,0.379965,1826.35
2,-0.164169,0.658824,0.379384,1827.37
2,-0.163832,0.655947,0.378334,1831.92
2,-0.164807,0.655589,0.377682,1833.45
2,-0.165453,0.656039,0.377018,1834.81
2,-0.165744,0.656764,0.376506,1835.18
2,-0.166172,0.656043,0.375973,1835.66
2,-0.166107,0.655966,0.375471,1835.95
2,-0.165743,0.655142,0.37473,1838.02
2,-0.16464,0.653831,0.374053,1841.21
2,-0.165338,0.652077,0.373362,1843.56
2,-0.166049,0.652918,0.372891,1844.17
2,-0.166304,0.652782,0.372344,1844.84
2,-0.166496,0.652589,0.371803,1845.61
2,-0.168114,0.65182,0.37077,1849.51
2,-0.167052,0.65077,0.370241,1850.84
2,-0.167191,0.651988,0.369563,1852.91
2,-0.166885,0.652491,0.368891,1854.07
2,-0.166327,0.652522,0.368345,1855.22
2,-0.166323,0.652296,0.36772,1856.39
2,-0.166872,0.653087,0.367121,1857.41
2,-0.166592,0.65365,0.366258,1860.95
2,-0.166775,0.653515,0.365748,1861.21
2,-0.166548,0.653674,0.365194,1862.67
2,-0.166693,0.653332,0.364521,1864.13
2,-0.166321,0.65349,0.36398,1864.85
2,-0.166067,0.652678,0.363423,1865.85
2,-0.165992,0.652886,0.362968,1866.13
2,-0.164844,0.65448,0.362427,1868.47
2,-0.165396,0.654354,0.361854,1869.86
2,-0.164418,0.653308,0.361083,1872.78
2,-0.163857,0.653955,0.360604,1873.67
2,-0.163984,0.654189,0.359918,1875.21
2,-0.164842,0.654503,0.359443,1875.49
2,-0.165343,0.65326,0.358898,1876.59
2,-0.165077,0.652821,0.358414,1877.11
2,-0.165782,0.653333,0.357427,1881.84
2,-0.164605,0.654052,0.356497,1885.25
2,-0.164931,0.653925,0.355704,1888.4
2,-0.165206,0.654642,0.355042,1890.81
2,-0.16445,0.654874,0.354541,1891.28
2,-0.164814,0.655071,0.354033,1891.51
2,-0.1648,0.656028,0.353493,1892.06
2,-0.166327,0.654846,0.352623,1895.57
2,-0.166071,0.655089,0.352059,1896.13
2,-0.166089,0.654292,0.351585,1896.58
2,-0.165488,0.65524,0.351102,1897.43
2,-0.165695,0.655441,0.350545,1898.05
2,-0.16683,0.655048,0.349845,1899.94
2,-0.166626,0.655496,0.349283,1900.71
2,-0.167251,0.654711,0.348696,1901.46
2,-0.16715,0.654751,0.34816,1902.17
2,-0.167359,0.655199,0.347598,1902.91
2,-0.167759,0.655684,0.346907,1904.87
2,-0.167367,0.655753,0.346369,1905.38
2,-0.167163,0.653202,0.345058,1913.01
2,-0.167557,0.652944,0.344543,1913.58
2,-0.167068,0.654137,0.343738,1917.61
2,-0.167222,0.654449,0.343213,1918.24
2,-0.167454,0.654475,0.342659,1919.04
2,-0.167597,0.654797,0.34217,1919.47
2,-0.167693,0.654386,0.341698,1919.87
2,-0.166887,0.653327,0.340847,1922.6
2,-0.166821,0.653024,0.34039,1923.05
2,-0.167372,0.652791,0.339818,1923.74
2,-0.167136,0.65305,0.339319,1924.96
2,-0.168171,0.653421,0.338807,1925.51
2,-0.16759,0.653163,0.337842,1929.64
2,-0.166669,0.653241,0.337398,1930.32
2,-0.166575,0.653198,0.336929,1930.43
2,-0.16636,0.653392,0.33641,1930.74
2,-0.166331,0.653343,0.33594,1931.07
2,-0.167641,0.65324,0.335114,1934.56
2,-0.167105,0.652934,0.334534,1935.23
2,-0.167153,0.653316,0.334023,1935.98
2,-0.168275,0.653378,0.333379,1937.75
2,-0.168448,0.653464,0.332876,1938.17
2,-0.168399,0.653559,0.33242,1938.4
2,-0.167942,0.653376,0.331901,1938.85
2,-0.16933,0.65343,0.330927,1943.39
2,-0.168763,0.65367,0.330329,1944.9
2,-0.168508,0.653813,0.329745,1946.42
2,-0.16933,0.653375,0.329123,1947.77
2,-0.169071,0.652167,0.328529,1949.47
2,-0.168691,0.653374,0.327967,1950.47
2,-0.169238,0.653976,0.327358,1951.26
2,-0.170123,0.65387,0.32669,1952.36
2,-0.169777,0.654239,0.326235,1953
2,-0.169245,0.653402,0.325451,1955
2,-0.169372,0.653416,0.324972,1955.25
2,-0.170434,0.653929,0.324285,1957.59
2,-0.170818,0.654672,0.323462,1959.92
2,-0.171131,0.655146,0.322975,1960.4
2,-0.172139,0.655845,0.322397,1961.55
2,-0.171133,0.656521,0.321678,1963.91
2,-0.171011,0.656078,0.321234,1964.15
2,-0.171304,0.657341,0.320536,1966.27
2,-0.170656,0.657732,0.320018,1967.21
2,-0.169368,0.657242,0.319309,1968.82
2,-0.168905,0.657591,0.318704,1970.45
2,-0.169399,0.657532,0.318009,1972
2,-0.16938,0.657547,0.317194,1974.48
2,-0.169351,0.657677,0.316639,1975.19
2,-0.170342,0.65762,0.315652,1982.8
2,-0.169703,0.658243,0.315147,1983.81
2,-0.168298,0.656826,0.314261,1987.05
2,-0.168249,0.657775,0.313751,1988.22
2,-0.168119,0.657783,0.313205,1989.59
2,-0.168561,0.657423,0.312533,1991.92
2,-0.168423,0.657357,0.312056,1992.37
2,-0.168379,0.657258,0.311556,1993.17
2,-0.16885,0.65761,0.310877,1994.19
2,-0.169261,0.657793,0.310145,1997.36
2,-0.169265,0.658091,0.309565,1998.12
2,-0.170244,0.657619,0.308975,1999.44
2,-0.17027,0.657549,0.308437,1999.99
2,-0.170102,0.657318,0.307864,2000.91
2,-0.170137,0.657558,0.307448,2001.09
2,-0.170819,0.658789,0.306914,2002.22
2,-0.171445,0.658315,0.306157,2006.19
2,-0.17175,0.658211,0.305659,2006.66
2,-0.171574,0.658336,0.305139,2007.44
2,-0.171553,0.658444,0.30467,2007.63
2,-0.170986,0.65856,0.304171,2008.13
2,-0.17039,0.659369,0.303305,2012.58
2,-0.170242,0.659012,0.302757,2013
2,-0.170345,0.659377,0.302261,2013.49
2,-0.169609,0.658831,0.301549,2016
2,-0.169543,0.658465,0.301043,2016.53
2,-0.170197,0.657883,0.300468,2017.3
2,-0.170422,0.657484,0.300069,2017.52
2,-0.170257,0.657837,0.299469,2019.3
2,-0.170231,0.65801,0.298872,2020.07
2,-0.16972,0.656772,0.298287,2022.28
2,-0.16955,0.656684,0.297839,2022.49
2,-0.169021,0.656126,0.297173,2024.01
2,-0.169745,0.654669,0.296401,2027.38
2,-0.169636,0.654486,0.295942,2027.5
2,-0.168696,0.654073,0.295469,2028.01
2,-0.168973,0.654311,0.295002,2028.46
2,-0.169253,0.654038,0.294529,2028.75
2,-0.169322,0.653487,0.293994,2029.52
2,-0.169284,0.653435,0.293533,2029.86
2,-0.168891,0.653752,0.292995,2030.33
2,-0.169018,0.65305,0.292401,2031.73
2,-0.167548,0.654488,0.291717,2034.78
2,-0.167714,0.654589,0.29129,2034.97
2,-0.167063,0.654767,0.290748,2036.06
2,-0.165277,0.654915,0.290173,2038.42
2,-0.165453,0.655167,0.289627,2038.95
2,-0.165621,0.655034,0.2891,2039.31
2,-0.164797,0.654385,0.288483,2042.28
2,-0.164999,0.65452,0.287987,2042.78
2,-0.162692,0.653774,0.287159,2046.64
2,-0.162851,0.65408,0.286664,2047.14
2,-0.162378,0.65521,0.285687,2051.42
2,-0.162129,0.655057,0.285219,2051.93
2,-0.162201,0.655992,0.284673,2052.85
2,-0.162367,0.65616,0.284168,2053.42
2,-0.162873,0.656136,0.283587,2054.24
2,-0.162535,0.655997,0.283097,2054.55
2,-0.162937,0.656192,0.282573,2055.22
2,-0.163259,0.656406,0.28207,2056.07
2,-0.164181,0.65671,0.281475,2057.34
2,-0.163269,0.657264,0.280929,2058.7
2,-0.161944,0.65728,0.280389,2060.34
2,-0.161723,0.656992,0.279912,2060.49
2,-0.161171,0.658113,0.279273,2062.92
2,-0.161271,0.658506,0.278794,2063.48
2,-0.162869,0.657072,0.278251,2064.59
2,-0.163003,0.657188,0.277663,2065.75
2,-0.162284,0.656341,0.277145,2066.36
2,-0.161387,0.65717,0.276518,2068.88
2,-0.160713,0.65823,0.275972,2069.77
2,-0.159774,0.658218,0.275279,2071.55
2,-0.15912,0.658359,0.274748,2072.47
2,-0.159441,0.658446,0.274275,2072.75
2,-0.158468,0.658172,0.273568,2074.58
2,-0.158299,0.657994,0.272942,2075.27
2,-0.159554,0.656525,0.272339,2076.21
2,-0.160049,0.657015,0.27177,2076.79
2,-0.16066,0.657869,0.271051,2078.76
2,-0.161062,0.657099,0.270582,2079.31
2,-0.16058,0.655702,0.269965,2081.33
2,-0.160053,0.656588,0.269425,2081.83
2,-0.160095,0.656658,0.268917,2082.48
2,-0.160461,0.654906,0.268216,2085.43
2,-0.159894,0.65566,0.267722,2086.29
2,-0.159818,0.656379,0.26713,2087.09
2,-0.159813,0.655835,0.266633,2087.97
2,-0.159398,0.656128,0.266105,2088.92
2,-0.160528,0.657668,0.265438,2091.55
2,-0.160619,0.656639,0.26477,2093.99
2,-0.16045,0.656348,0.26419,2094.6
2,-0.159422,0.655752,0.263409,2098.27
2,-0.159865,0.65556,0.262904,2098.52
2,-0.159994,0.655404,0.26247,2098.83
2,-0.160076,0.654902,0.261819,2099.95
2,-0.160884,0.654616,0.261143,2102.52
2,-0.161182,0.654998,0.260492,2103.75
2,-0.161138,0.655082,0.259836,2105.56
2,-0.160665,0.65558,0.25935,2106.2
2,-0.159634,0.656213,0.258755,2107.46
2,-0.159868,0.656217,0.258205,2108.24
2,-0.15985,0.656666,0.257648,2109.05
2,-0.16004,0.656866,0.256936,2111.02
2,-0.160315,0.656886,0.256445,2111.36
2,-0.16299,0.656101,0.255636,2113.8
2,-0.16271,0.656309,0.255176,2114.11
2,-0.162296,0.656014,0.254589,2115.58
2,-0.161425,0.656025,0.254066,2116.55
2,-0.161581,0.656614,0.25357,2117.06
2,-0.162511,0.657274,0.252975,2118.35
2,-0.161706,0.657385,0.252392,2119.72
2,-0.162523,0.657932,0.251853,2120.73
2,-0.162725,0.662245,0.250867,2125.4
2,-0.162955,0.661267,0.250287,2126.97
2,-0.163893,0.661637,0.249477,2128.55
2,-0.164475,0.661495,0.248964,2129.25
2,-0.163378,0.661949,0.248471,2130.31
2,-0.163387,0.662109,0.247983,2130.6
2,-0.162599,0.66186,0.247324,2132.36
2,-0.162499,0.661648,0.246869,2132.52
2,-0.162538,0.662113,0.246347,2132.76
2,-0.162177,0.661968,0.2458,2133.4
2,-0.161242,0.661142,0.245366,2133.75
2,-0.159939,0.660899,0.244772,2135.44
2,-0.160128,0.660499,0.244312,2135.62
2,-0.160975,0.66285,0.243654,2138.29
2,-0.160061,0.662483,0.243134,2139.05
2,-0.159781,0.663632,0.242596,2140.34
2,-0.159245,0.66383,0.242107,2140.62
2,-0.157236,0.663294,0.241529,2142.77
2,-0.157914,0.663227,0.241015,2144.14
2,-0.157712,0.663851,0.240502,2145.09
2,-0.157677,0.661419,0.239379,2151.13
2,-0.158226,0.662097,0.238564,2153.84
2,-0.16045,0.662021,0.237919,2155.36
2,-0.160368,0.661974,0.237408,2155.78
2,-0.160553,0.661543,0.236858,2156.55
2,-0.160947,0.661872,0.236393,2157.06
2,-0.160434,0.662331,0.235879,2157.74
2,-0.159647,0.662651,0.235323,2158.44
2,-0.158558,0.66125,0.234648,2160.21
2,-0.158568,0.661293,0.234223,2160.43
2,-0.158398,0.660519,0.23367,2161.43
2,-0.159248,0.660787,0.233158,2162.18
2,-0.159036,0.661246,0.232697,2162.39
2,-0.158793,0.66113,0.232202,2162.53
2,-0.157574,0.660588,0.231644,2164.11
2,-0.157591,0.660786,0.231153,2164.29
2,-0.157508,0.661073,0.230647,2164.64
2,-0.157251,0.659835,0.230043,2166.29
2,-0.157405,0.659659,0.229552,2166.73
2,-0.156532,0.659478,0.228987,2167.59
2,-0.156501,0.659121,0.22847,2168.71
2,-0.157352,0.658332,0.227748,2171.05
2,-0.158307,0.658204,0.227186,2172.26
2,-0.158783,0.658936,0.22646,2174.37
2,-0.158371,0.659404,0.225815,2176.36
2,-0.158515,0.659619,0.22517,2177.32
2,-0.158377,0.659065,0.224625,2177.69
2,-0.156041,0.65775,0.224009,2179.79
2,-0.155849,0.657995,0.223422,2180.91
2,-0.157797,0.658596,0.222516,2183.92
2,-0.158188,0.658873,0.221929,2185.3
2,-0.159017,0.65873,0.221396,2186.15
2,-0.159222,0.65846,0.220889,2186.68
2,-0.159201,0.657964,0.220402,2187.41
2,-0.15924,0.658003,0.21995,2187.58
2,-0.157951,0.657348,0.219248,2190.71
2,-0.158072,0.656857,0.218676,2191.82
2,-0.15834,0.655463,0.218118,2193.03
2,-0.15801,0.655057,0.21754,2193.72
2,-0.157717,0.655015,0.21711,2193.99
2,-0.157468,0.65542,0.216472,2195.34
2,-0.157732,0.655428,0.215937,2196.33
2,-0.157944,0.655518,0.215498,2196.57
2,-0.157829,0.65538,0.215006,2196.82
2,-0.158185,0.655098,0.214428,2198.29
2,-0.158378,0.655215,0.213855,2198.96
2,-0.159195,0.654642,0.213295,2200.28
2,-0.159566,0.654935,0.212796,2200.97
2,-0.159534,0.654547,0.21219,2202.05
2,-0.159474,0.654022,0.211717,2202.52
2,-0.159123,0.654285,0.211248,2202.92
2,-0.15946,0.654743,0.21067,2203.54
2,-0.158407,0.6554,0.210119,2204.95
2,-0.157946,0.655925,0.209518,2206.14
2,-0.157942,0.656049,0.208996,2206.86
2,-0.157328,0.655494,0.20845,2208.14
2,-0.157143,0.655646,0.207771,2210.28
2,-0.157208,0.655958,0.207112,2211.48
2,-0.157265,0.656092,0.206555,2212.09
2,-0.157503,0.656459,0.205992,2213
2,-0.156788,0.657173,0.2055,2213.71
2,-0.156918,0.657325,0.204924,2215.07
2,-0.156936,0.657087,0.204341,2216.69
2,-0.156457,0.657469,0.203761,2217.07
2,-0.156263,0.657966,0.203344,2217.47
2,-0.155632,0.65781,0.202497,2220.24
2,-0.155462,0.657667,0.202006,2220.8
2,-0.155134,0.657941,0.201514,2222.1
2,-0.154818,0.658382,0.200917,2223.37
2,-0.154797,0.658299,0.200454,2223.55
2,-0.154821,0.658341,0.199978,2224.08
2,-0.15501,0.658224,0.199508,2224.34
2,-0.155157,0.658474,0.199008,2225.04
2,-0.155035,0.658681,0.198497,2225.51
2,-0.155694,0.65972,0.197964,2226.76
2,-0.154765,0.659856,0.19719,2229.41
2,-0.154703,0.65987,0.196726,2229.73
2,-0.153883,0.662409,0.19569,2236.2
2,-0.153988,0.662759,0.195233,2236.39
2,-0.153566,0.662036,0.194706,2237.03
2,-0.15316,0.662296,0.194245,2237.25
2,-0.153177,0.662123,0.193762,2237.68
2,-0.154756,0.661697,0.192958,2239.81
2,-0.153593,0.660927,0.19237,2241.3
2,-0.153784,0.661068,0.191842,2241.77
2,-0.152448,0.662076,0.190887,2245.07
2,-0.152556,0.662307,0.19034,2245.83
2,-0.151732,0.6625,0.189758,2246.86
2,-0.152037,0.661905,0.189235,2247.44
2,-0.151477,0.661826,0.188649,2248.28
2,-0.151631,0.661747,0.188126,2248.77
2,-0.150879,0.661774,0.187365,2251.91
2,-0.151039,0.661283,0.18668,2253.83
2,-0.151155,0.661143,0.186125,2254.49
2,-0.150898,0.661077,0.185554,2255.62
2,-0.150953,0.661185,0.18508,2255.77
2,-0.151274,0.661245,0.184573,2256.49
2,-0.151648,0.661245,0.184131,2256.83
2,-0.151594,0.661924,0.183408,2258.9
2,-0.150829,0.661481,0.182767,2260.04
2,-0.151008,0.662316,0.182116,2261.54
2,-0.151743,0.662089,0.181615,2262.49
2,-0.150986,0.663381,0.180967,2264.45
2,-0.151426,0.663931,0.180369,2265.68
2,-0.150753,0.663818,0.179521,2268.21
2,-0.150431,0.66478,0.179057,2268.77
2,-0.150435,0.664873,0.178569,2269.24
2,-0.149099,0.66499,0.178007,2270.64
2,-0.150519,0.663693,0.177303,2273.02
2,-0.150702,0.663656,0.176846,2273.39
2,-0.150311,0.663117,0.176356,2274.13
2,-0.15036,0.662378,0.175552,2276.23
2,-0.148967,0.66238,0.174598,2280.8
2,-0.149375,0.662583,0.174133,2281.02
2,-0.149004,0.66245,0.173499,2282.68
2,-0.148482,0.662969,0.172979,2283.36
2,-0.146386,0.663997,0.17211,2286.79
2,-0.147093,0.663621,0.171338,2288.76
2,-0.148772,0.663465,0.170429,2292.2
2,-0.14917,0.661798,0.169689,2294.12
2,-0.148926,0.661323,0.16878,2297.96
2,-0.149144,0.660797,0.168144,2299.5
2,-0.149038,0.660849,0.167592,2300.69
2,-0.149836,0.6611,0.167055,2302.57
2,-0.14968,0.661176,0.166567,2303.28
2,-0.150186,0.660981,0.166063,2304.01
2,-0.150259,0.660183,0.165588,2304.58
2,-0.150413,0.660142,0.165089,2304.87
2,-0.151706,0.660364,0.16448,2306.9
2,-0.151304,0.660767,0.163801,2308.02
2,-0.151456,0.661771,0.163246,2308.84
2,-0.152269,0.661253,0.162588,2311.47
2,-0.151453,0.660768,0.162085,2311.92
2,-0.150295,0.661184,0.161515,2312.94
2,-0.150618,0.660149,0.160905,2314.47
2,-0.15105,0.660565,0.160267,2317.35
2,-0.150515,0.660523,0.159427,2320.67
2,-0.150872,0.661224,0.158972,2321.25
2,-0.152599,0.659012,0.158292,2323.86
2,-0.153485,0.658599,0.157768,2325.06
2,-0.153638,0.658137,0.157288,2325.41
2,-0.153967,0.658174,0.156806,2325.76
2,-0.154885,0.658494,0.156105,2327.45
2,-0.1554,0.657738,0.155568,2328.57
2,-0.156683,0.657729,0.15511,2329.24
2,-0.156543,0.658069,0.154542,2330.02
2,-0.155641,0.658214,0.153853,2331.98
2,-0.155545,0.658344,0.153263,2332.69
2,-0.156734,0.658412,0.152718,2334.25
2,-0.156981,0.65778,0.152106,2335.94
2,-0.156772,0.658006,0.151626,2336.29
2,-0.156136,0.657956,0.151025,2337.32
2,-0.154595,0.65811,0.150304,2340.28
2,-0.154433,0.658215,0.1498,2340.54
2,-0.154604,0.658087,0.14932,2340.66
2,-0.152811,0.656824,0.148643,2343.91
2,-0.152955,0.656827,0.14819,2344.08
2,-0.15321,0.656844,0.147624,2345.35
2,-0.153115,0.656765,0.147121,2345.58
2,-0.152392,0.656941,0.146599,2346.16
2,-0.152819,0.656468,0.146067,2347.41
2,-0.151129,0.656655,0.145568,2348.33
2,-0.150901,0.657014,0.145006,2349.17
2,-0.151288,0.656544,0.144575,2349.48
2,-0.150834,0.655841,0.143989,2350.86
2,-0.149141,0.65659,0.143425,2352.25
2,-0.14866,0.657045,0.1428,2353.34
2,-0.147345,0.655553,0.142054,2355.4
2,-0.147728,0.655475,0.141495,2356.02
2,-0.148074,0.655415,0.140985,2356.63
2,-0.149116,0.655243,0.140425,2357.69
2,-0.149148,0.654143,0.139509,2362.8
2,-0.149309,0.65396,0.139071,2362.93
2,-0.149668,0.654053,0.138572,2363.11
2,-0.149888,0.654212,0.138122,2363.27
2,-0.150033,0.654344,0.137593,2364.25
2,-0.149386,0.654546,0.137086,2364.92
2,-0.149123,0.654258,0.136481,2365.62
2,-0.149849,0.65434,0.135956,2366.61
2,-0.150581,0.654767,0.135319,2367.91
2,-0.151068,0.653112,0.134735,2369.67
2,-0.151172,0.653248,0.134302,2369.84
2,-0.151309,0.653195,0.133828,2370.15
2,-0.150713,0.654306,0.133235,2371.43
2,-0.150489,0.654858,0.132751,2372.08
2,-0.150689,0.654268,0.132274,2372.57
2,-0.150746,0.655177,0.131512,2374.66
2,-0.150324,0.655522,0.130927,2376.2
2,-0.151773,0.654912,0.129501,2384.45
2,-0.15262,0.655647,0.128915,2385.61
2,-0.152785,0.655718,0.128168,2387.17
2,-0.153386,0.656055,0.12759,2388.6
2,-0.154303,0.65775,0.126781,2392.21
2,-0.153827,0.65795,0.126174,2393.09
2,-0.153494,0.657926,0.125581,2393.98
2,-0.153322,0.658436,0.125,2394.66
2,-0.152927,0.658247,0.124499,2395.32
2,-0.15388,0.659359,0.123975,2396.67
2,-0.153098,0.659978,0.123363,2399.69
2,-0.152888,0.659909,0.122877,2399.98
2,-0.153761,0.658916,0.121656,2405.5
2,-0.153737,0.658753,0.121116,2407.02
2,-0.153915,0.659236,0.120564,2407.86
2,-0.153822,0.659213,0.120112,2407.95
2,-0.154226,0.658266,0.119359,2410.89
2,-0.153987,0.660531,0.118751,2413
2,-0.153257,0.660308,0.118123,2415.57
2,-0.153486,0.660417,0.117578,2416.17
2,-0.15406,0.660471,0.117021,2416.91
2,-0.154135,0.660003,0.11655,2417.22
2,-0.153645,0.659814,0.116059,2417.56
2,-0.152838,0.659917,0.115276,2419.99
2,-0.153053,0.659919,0.11477,2420.35
2,-0.152873,0.659034,0.114163,2421.61
2,-0.152886,0.658987,0.113694,2421.78
2,-0.1519,0.658232,0.113168,2422.53
2,-0.152533,0.658165,0.112663,2423.23
2,-0.152353,0.657043,0.112016,2425.14
2,-0.151391,0.655628,0.11136,2426.84
2,-0.151598,0.654186,0.110617,2429.41
2,-0.152297,0.654607,0.109818,2432.11
2,-0.152581,0.654401,0.109289,2432.86
2,-0.152783,0.654596,0.108721,2433.61
2,-0.153296,0.654777,0.10808,2435.07
2,-0.15413,0.655339,0.107463,2436.08
2,-0.153966,0.655191,0.106985,2436.38
2,-0.153033,0.655068,0.106051,2439.69
2,-0.153052,0.654951,0.10551,2440.91
2,-0.152697,0.65534,0.105029,2441.51
2,-0.15229,0.655798,0.104454,2442.1
2,-0.151883,0.656149,0.103937,2442.94
2,-0.151575,0.655643,0.103394,2444.07
2,-0.151437,0.655356,0.102901,2444.3
2,-0.151215,0.65569,0.102299,2446.02
2,-0.1518,0.654646,0.10163,2448.76
2,-0.151077,0.654383,0.101116,2449.33
2,-0.150594,0.65441,0.100609,2449.81
2,-0.15075,0.654543,0.100153,2450.05
2,-0.150787,0.654866,0.0996692,2450.84
2,-0.151159,0.654634,0.09903,2452.87
2,-0.150675,0.655211,0.0983925,2454.7
2,-0.150221,0.655014,0.097746,2456.76
2,-0.151308,0.656945,0.0972435,2457.8
2,-0.151272,0.657298,0.0965748,2459.11
2,-0.150689,0.657349,0.0960467,2459.8
2,-0.151144,0.657514,0.0955592,2460.17
2,-0.149876,0.657186,0.0948667,2462.04
2,-0.150231,0.656713,0.0942657,2462.64
2,-0.150509,0.656879,0.0935006,2466
2,-0.149896,0.656508,0.092884,2467.3
2,-0.149224,0.656442,0.0924155,2467.76
2,-0.149202,0.656766,0.0918893,2468.41
2,-0.150239,0.657312,0.0912319,2469.54
2,-0.150239,0.657241,0.0907351,2469.83
2,-0.150934,0.657258,0.0901044,2471.29
2,-0.149946,0.657299,0.0894569,2473.05
2,-0.149944,0.657252,0.0887366,2475.54
2,-0.149917,0.657898,0.0881355,2476.46
2,-0.149531,0.657894,0.0876526,2476.67
2,-0.147966,0.656337,0.087027,2477.83
2,-0.147858,0.656632,0.0866156,2477.92
2,-0.148301,0.656799,0.0859261,2480.45
2,-0.148494,0.656994,0.0854396,2480.54
2,-0.149144,0.657275,0.0847067,2483.55
2,-0.14987,0.656305,0.0840812,2485.39
2,-0.150142,0.65622,0.0835306,2485.96
2,-0.150074,0.655809,0.0830254,2486.79
2,-0.149763,0.656166,0.0823964,2488.17
2,-0.149972,0.657342,0.0814553,2492.61
2,-0.150227,0.656942,0.0808036,2493.95
2,-0.150158,0.656623,0.0803292,2494.29
2,-0.149744,0.656975,0.079809,2494.96
2,-0.149448,0.657061,0.0792484,2495.54
2,-0.149987,0.656953,0.0786827,2496.22
2,-0.14924,0.657473,0.0779793,2498.24
2,-0.150061,0.656991,0.0774878,2499.25
2,-0.151321,0.656795,0.0765056,2502.9
2,-0.151928,0.65764,0.0756454,2506.58
2,-0.152157,0.657881,0.0750161,2507.93
2,-0.152006,0.658072,0.0742109,2511.3
2,-0.152029,0.658437,0.0735626,2512.7
2,-0.151353,0.658712,0.0730147,2514.62
2,-0.151597,0.659888,0.0721426,2517.75
2,-0.152227,0.660988,0.0714262,2520.83
2,-0.152205,0.662381,0.0707596,2522.77
2,-0.151913,0.662346,0.0703079,2523
2,-0.152251,0.662278,0.069751,2523.56
2,-0.152084,0.66247,0.069281,2524.13
2,-0.152243,0.662037,0.0687109,2525.24
2,-0.152176,0.662532,0.0681555,2526.34
2,-0.151856,0.662605,0.0676772,2526.69
2,-0.152093,0.662689,0.0672156,2526.89
2,-0.15107,0.661894,0.066644,2528.76
2,-0.15114,0.661776,0.0661249,2529.1
2,-0.151865,0.660409,0.065521,2530.85
2,-0.15163,0.659974,0.0649657,2531.58
2,-0.151622,0.658369,0.064478,2532.47
2,-0.151577,0.657582,0.063981,2532.91
2,-0.151883,0.658184,0.0634806,2533.82
2,-0.151924,0.657975,0.0629748,2534.13
2,-0.151925,0.65819,0.0624359,2535.22
2,-0.152386,0.658249,0.0617932,2536.07
2,-0.152292,0.658436,0.0613148,2536.33
2,-0.15243,0.657729,0.0608177,2536.58
2,-0.152819,0.659224,0.0601801,2538.03
2,-0.15292,0.659421,0.0596656,2538.96
2,-0.152705,0.65939,0.0590966,2539.85
2,-0.152635,0.658521,0.0583073,2541.25
2,-0.152113,0.658587,0.0577315,2542.84
2,-0.152144,0.65888,0.057188,2543.58
2,-0.152114,0.659139,0.0567234,2543.73
2,-0.151008,0.657446,0.0560432,2547.39
2,-0.150957,0.65718,0.0555311,2547.63
2,-0.151568,0.656566,0.0550295,2548.87
2,-0.152144,0.656797,0.0545855,2549.11
2,-0.152152,0.656693,0.054031,2549.5
2,-0.151679,0.656822,0.0534678,2550.42
2,-0.152673,0.656636,0.0527645,2552.09
2,-0.15197,0.656635,0.0522457,2552.95
2,-0.152071,0.656581,0.0517814,2553.08
2,-0.152074,0.656653,0.0511923,2555.24
2,-0.150899,0.655819,0.0505616,2557.06
2,-0.150472,0.655422,0.0500515,2557.64
2,-0.150411,0.655174,0.0496106,2557.84
2,-0.148379,0.653478,0.0488858,2560.93
2,-0.148967,0.653447,0.0483939,2561.82
2,-0.148656,0.653265,0.0478769,2562.72
2,-0.148953,0.653549,0.0471696,2565.58
2,-0.148883,0.653732,0.0466377,2565.73
2,-0.148167,0.655004,0.0461528,2566.93
2,-0.147445,0.654443,0.0454719,2568.87
2,-0.147229,0.654406,0.044937,2569.32
2,-0.147604,0.656323,0.0443897,2571.46
2,-0.146693,0.656158,0.0435444,2575.17
2,-0.146601,0.655163,0.0428034,2576.96
2,-0.146229,0.655383,0.042337,2577.48
2,-0.146591,0.655963,0.0417353,2578.28
2,-0.147783,0.655777,0.0412256,2579.41
2,-0.148121,0.654965,0.0406662,2580.32
2,-0.148197,0.654779,0.0401834,2580.69
2,-0.14827,0.654926,0.0396019,2581.65
2,-0.147635,0.655121,0.0390484,2582.67
2,-0.147487,0.65434,0.0384319,2584.85
2,-0.147027,0.653945,0.0377875,2585.92
2,-0.147217,0.654356,0.0372921,2586.23
2,-0.146669,0.653839,0.036797,2586.66
2,-0.146867,0.653696,0.0362834,2587.27
2,-0.146502,0.653821,0.035564,2589.66
2,-0.146589,0.653684,0.0350964,2589.93
2,-0.146113,0.654467,0.0345947,2590.66
2,-0.144328,0.653362,0.0337032,2593.28
2,-0.144118,0.653481,0.0331861,2594
2,-0.143939,0.65444,0.0325899,2594.68
2,-0.144248,0.653377,0.0320194,2595.77
2,-0.144278,0.653076,0.0315131,2596.61
2,-0.145201,0.652577,0.0308756,2597.47
2,-0.144982,0.652504,0.0303839,2597.74
2,-0.145049,0.652798,0.0299096,2598.08
2,-0.144269,0.652665,0.029417,2598.61
2,-0.142774,0.654458,0.0286981,2601.43
2,-0.14339,0.654877,0.0281577,2602.1
2,-0.143428,0.654817,0.027478,2604.52
2,-0.143475,0.655036,0.0269895,2604.95
2,-0.144274,0.653869,0.0263603,2606.63
2,-0.143881,0.654388,0.0258501,2607.42
2,-0.144335,0.654359,0.0250189,2610.96
2,-0.143912,0.654256,0.0240068,2616.51
2,-0.143833,0.654417,0.0234853,2617.33
2,-0.143738,0.653801,0.0229298,2618.25
2,-0.144126,0.653753,0.0223872,2619.38
2,-0.14335,0.652936,0.0213255,2624.7
2,-0.143636,0.651605,0.0206374,2627.55
2,-0.143284,0.653236,0.0199021,2630.74
2,-0.143526,0.653038,0.0193666,2631.31
2,-0.143918,0.65349,0.0189424,2631.8
2,-0.143244,0.65349,0.0182615,2633.54
2,-0.1439,0.653145,0.0177799,2634.26
2,-0.144551,0.652812,0.0172348,2635.28
2,-0.144832,0.652262,0.0166537,2636.96
2,-0.143883,0.652996,0.0161735,2637.48
2,-0.144301,0.652386,0.0156825,2638.22
2,-0.14557,0.650113,0.0147953,2643.05
2,-0.145498,0.65051,0.0143381,2643.55
2,-0.145379,0.650791,0.0138294,2643.94
2,-0.144406,0.651477,0.0132501,2645.28
2,-0.144287,0.651304,0.0126726,2646.1
2,-0.145147,0.651202,0.0121631,2646.98
2,-0.143361,0.650677,0.0113993,2650.1
2,-0.142853,0.650365,0.0107521,2652.05
2,-0.143598,0.651497,0.00974272,2656.77
2,-0.143519,0.651727,0.00928985,2656.91
2,-0.144159,0.651162,0.00872539,2659.05
2,-0.14452,0.650894,0.00813753,2659.6
2,-0.144452,0.650911,0.00766373,2659.81
2,-0.144409,0.650595,0.00711861,2660.56
2,-0.144688,0.650494,0.00652627,2661.67
2,-0.144556,0.651315,0.00594964,2662.56
2,-0.144679,0.651105,0.00545287,2663.1
2,-0.144885,0.651172,0.00478814,2664.37
2,-0.144892,0.65145,0.00423546,2665.8
2,-0.143952,0.651481,0.00367397,2666.49
2,-0.146324,0.650615,0.00283043,2670.1
2,-0.146628,0.650568,0.00234024,2670.41
2,-0.14633,0.651771,0.00178189,2671.3
2,-0.146401,0.651995,0.00126715,2671.7
2,-0.146807,0.65206,0.000591152,2673.04
2,-0.146092,0.651548,1.44475e-06,2673.94
2,-0.147294,0.65129,-0.000625999,2676.51
2,-0.146364,0.651456,-0.00115457,2677.43
2,-0.147346,0.651788,-0.00174797,2679
2,-0.14645,0.651618,-0.00222829,2679.42
2,-0.146112,0.650716,-0.00274597,2680.5
2,-0.147067,0.649635,-0.00325853,2681.15
2,-0.147254,0.650035,-0.00379657,2681.76
2,-0.14841,0.649588,-0.00430914,2682.75
2,-0.148816,0.650003,-0.00485524,2683.39
2,-0.148962,0.649846,-0.00533875,2684.01
2,-0.149322,0.649872,-0.00582171,2684.48
2,-0.150142,0.648651,-0.00688625,2688.54
2,-0.149301,0.648942,-0.007663,2692.14
2,-0.149429,0.647642,-0.00820955,2693.65
2,-0.148603,0.647835,-0.00897641,2696.16
2,-0.150285,0.649845,-0.00991493,2699.39
2,-0.150573,0.649933,-0.0104099,2699.51
2,-0.150354,0.649751,-0.0108841,2700.1
2,-0.151711,0.64995,-0.0114274,2701.03
2,-0.152939,0.649437,-0.0120693,2703.09
2,-0.15331,0.648668,-0.0127479,2705.74
2,-0.153279,0.649014,-0.0132574,2706.27
2,-0.152851,0.649033,-0.0137497,2706.71
2,-0.153018,0.648786,-0.0142936,2707.23
2,-0.152797,0.648824,-0.0147769,2707.78
2,-0.152611,0.648727,-0.0152929,2708.09
2,-0.152488,0.648325,-0.0158218,2708.79
2,-0.152722,0.648178,-0.016314,2709.24
2,-0.153473,0.648725,-0.0169918,2711.25
2,-0.152856,0.648447,-0.0176389,2712.89
2,-0.152825,0.648411,-0.0181484,2713.2
2,-0.153411,0.64898,-0.0187892,2714.62
2,-0.153987,0.648714,-0.0192524,2715.06
2,-0.154169,0.648668,-0.019807,2715.61
2,-0.154144,0.649054,-0.0203256,2716.19
2,-0.154074,0.648811,-0.0207979,2716.48
2,-0.15412,0.648037,-0.0213324,2717.52
2,-0.153865,0.647798,-0.0217889,2717.92
2,-0.154239,0.647604,-0.0223176,2718.3
2,-0.153391,0.648092,-0.0228072,2718.81
2,-0.153446,0.648234,-0.0232496,2718.97
2,-0.153118,0.648019,-0.0238146,2720.2
2,-0.153633,0.64792,-0.0243182,2721.65
2,-0.153742,0.647839,-0.0249608,2722.49
2,-0.152337,0.646753,-0.0255321,2723.63
2,-0.152696,0.646683,-0.0259771,2723.93
2,-0.152988,0.647363,-0.0267727,2727.06
2,-0.15192,0.646635,-0.0273196,2728.41
2,-0.151626,0.646506,-0.0279394,2729.43
2,-0.151052,0.646561,-0.0285122,2730.22
2,-0.150826,0.646711,-0.0290482,2732.34
2,-0.152368,0.648408,-0.0296643,2734.9
2,-0.151724,0.64887,-0.030167,2735.59
2,-0.152688,0.649042,-0.0308375,2736.86
2,-0.152401,0.649112,-0.0315644,2738.66
2,-0.151871,0.648896,-0.03204,2739.03
2,-0.151861,0.648141,-0.0325575,2740.15
2,-0.152917,0.647369,-0.0331801,2743.27
2,-0.153178,0.647131,-0.0336658,2743.68
2,-0.153322,0.646973,-0.0343489,2745.3
2,-0.151911,0.646623,-0.0349825,2747.09
2,-0.151759,0.646077,-0.0355985,2748.19
2,-0.151727,0.645729,-0.0361784,2749.11
2,-0.151668,0.647465,-0.0368435,2751.54
2,-0.151887,0.647055,-0.0376323,2754.85
2,-0.15337,0.647182,-0.0382343,2757.34
2,-0.153271,0.647985,-0.0386929,2757.93
2,-0.15332,0.647691,-0.039197,2758.21
2,-0.153488,0.647429,-0.0396532,2758.48
2,-0.153759,0.648307,-0.040186,2759.36
2,-0.154163,0.648304,-0.0407372,2759.73
2,-0.155709,0.648548,-0.0415852,2763.12
2,-0.155839,0.648989,-0.042,2763.34
2,-0.156119,0.648487,-0.0425458,2763.78
2,-0.15595,0.648281,-0.0429919,2764.43
2,-0.155704,0.648237,-0.0436914,2765.85
2,-0.156135,0.648879,-0.0442388,2767.17
2,-0.156047,0.64934,-0.0447956,2767.65
2,-0.157378,0.649789,-0.0453961,2769.68
2,-0.155979,0.649163,-0.0458882,2770.27
2,-0.155966,0.649106,-0.046414,2770.89
2,-0.156055,0.64921,-0.0469126,2771.38
2,-0.156762,0.649622,-0.0475221,2772.41
2,-0.155951,0.649447,-0.0481531,2774.67
2,-0.156335,0.648954,-0.0485671,2774.8
2,-0.156223,0.649829,-0.049174,2776.36
2,-0.155771,0.649552,-0.0497824,2777.7
2,-0.155497,0.650399,-0.0503497,2779.75
2,-0.155874,0.651505,-0.051191,2782.59
2,-0.155819,0.651803,-0.051711,2782.99
2,-0.156232,0.651886,-0.0522378,2783.49
2,-0.15636,0.652279,-0.0527736,2784.6
2,-0.156193,0.65359,-0.0532653,2785.24
2,-0.157075,0.65333,-0.0538601,2787.28
2,-0.157672,0.653309,-0.0544684,2788.54
2,-0.156217,0.653548,-0.055252,2791.4
2,-0.156331,0.653457,-0.0557222,2791.81
2,-0.156648,0.653306,-0.056209,2792.42
2,-0.156453,0.652535,-0.0567808,2794.13
2,-0.155696,0.652113,-0.057343,2795.04
2,-0.155907,0.65242,-0.0578243,2795.56
2,-0.156022,0.652364,-0.0582518,2795.69
2,-0.15653,0.653221,-0.0591667,2800.29
2,-0.156408,0.652674,-0.0596659,2801.18
2,-0.15714,0.652794,-0.0601813,2801.62
2,-0.15725,0.652903,-0.0606377,2801.71
2,-0.157071,0.653133,-0.0613733,2803.38
2,-0.157366,0.652627,-0.0622134,2807.07
2,-0.157591,0.652694,-0.0626649,2807.35
2,-0.156403,0.652792,-0.0631423,2807.82
2,-0.156167,0.652702,-0.0637688,2808.92
2,-0.156501,0.652848,-0.064346,2809.77
2,-0.1562,0.652823,-0.0649075,2811.57
2,-0.156401,0.652766,-0.0654751,2812.03
2,-0.156632,0.652683,-0.0659364,2812.3
2,-0.156787,0.652711,-0.0664406,2813.02
2,-0.15621,0.652402,-0.0669385,2814.26
2,-0.15683,0.651244,-0.0674931,2815.18
2,-0.156798,0.650392,-0.0681225,2817.12
2,-0.157875,0.651004,-0.0689717,2820.07
2,-0.158022,0.651356,-0.0694644,2820.67
2,-0.158063,0.651532,-0.0698972,2821.07
2,-0.157374,0.65246,-0.0704477,2822.78
2,-0.156996,0.652443,-0.070912,2823.29
2,-0.156988,0.652873,-0.0714459,2824.16
2,-0.156216,0.65283,-0.0720866,2826.32
2,-0.155137,0.653305,-0.0730367,2830.23
2,-0.155147,0.652986,-0.0739185,2833.22
2,-0.155521,0.652862,-0.0744514,2833.55
2,-0.155924,0.652459,-0.0749342,2833.93
2,-0.155099,0.652533,-0.0754601,2834.75
2,-0.155187,0.650955,-0.0760314,2835.99
2,-0.155091,0.651262,-0.0764862,2836.31
2,-0.156755,0.650139,-0.0770819,2837.64
2,-0.15529,0.649993,-0.0776934,2839.52
2,-0.15575,0.649732,-0.0782366,2839.92
2,-0.154999,0.649354,-0.0787374,2840.3
2,-0.154808,0.649475,-0.079264,2840.54
2,-0.154578,0.649543,-0.0797184,2841.55
2,-0.154663,0.649374,-0.0801994,2841.81
2,-0.155177,0.647343,-0.0807583,2843.2
2,-0.155329,0.647417,-0.0812185,2843.56
2,-0.15558,0.646872,-0.0816994,2844.4
2,-0.154683,0.646413,-0.0822219,2845.07
2,-0.155091,0.647301,-0.0827317,2845.86
2,-0.156584,0.647375,-0.0833133,2847.21
2,-0.156877,0.647554,-0.0837962,2847.7
2,-0.156886,0.648676,-0.0843681,2848.87
2,-0.157446,0.648285,-0.0848807,2849.36
2,-0.157646,0.648165,-0.0853421,2849.56
2,-0.158105,0.648809,-0.0858331,2850.16
2,-0.158052,0.648908,-0.0862871,2850.33
2,-0.158549,0.650564,-0.0870508,2853.71
2,-0.158765,0.650428,-0.087607,2854.38
2,-0.158626,0.649113,-0.0881141,2855.35
2,-0.158777,0.649118,-0.0885563,2855.53
2,-0.15878,0.648627,-0.089082,2857.29
2,-0.157939,0.650424,-0.0897334,2859.76
2,-0.158548,0.650246,-0.0902501,2860.88
2,-0.159627,0.65056,-0.0909074,2862.98
2,-0.159532,0.649424,-0.0916221,2865.2
2,-0.159779,0.649428,-0.0921263,2865.58
2,-0.159791,0.649464,-0.0926331,2866.23
2,-0.160847,0.65022,-0.0932081,2867.07
2,-0.16161,0.649798,-0.0937659,2868.62
2,-0.162633,0.64945,-0.0945675,2871.71
2,-0.161746,0.64796,-0.0951427,2873.61
2,-0.160889,0.647985,-0.0959138,2875.6
2,-0.163299,0.649549,-0.096806,2879.62
2,-0.162813,0.65018,-0.097365,2881.56
2,-0.163365,0.650366,-0.0979147,2881.98
2,-0.163041,0.65085,-0.0983388,2882.15
2,-0.163245,0.650608,-0.0991474,2883.62
2,-0.163217,0.65047,-0.0997175,2884.17
2,-0.164052,0.650166,-0.100415,2885.61
2,-0.164273,0.649268,-0.101042,2886.73
2,-0.164812,0.649013,-0.101657,2888.27
2,-0.164241,0.649128,-0.102205,2888.74
2,-0.164563,0.649288,-0.102976,2890.83
2,-0.165086,0.649798,-0.10347,2891.22
2,-0.165953,0.648252,-0.104262,2894.53
2,-0.165664,0.647928,-0.104914,2896.29
2,-0.166246,0.647772,-0.105504,2897.53
2,-0.165961,0.648179,-0.106036,2898.17
2,-0.166179,0.647438,-0.106563,2899.07
2,-0.166309,0.647064,-0.107001,2899.66
2,-0.165947,0.646199,-0.107564,2900.31
2,-0.166236,0.645884,-0.10821,2901.67
2,-0.165558,0.645448,-0.108881,2903.98
2,-0.164975,0.645427,-0.109709,2908.09
2,-0.163836,0.644876,-0.110676,2913
2,-0.16355,0.645291,-0.111218,2913.66
2,-0.163511,0.645574,-0.111662,2913.79
2,-0.16346,0.645547,-0.112177,2914.18
2,-0.162648,0.646145,-0.112684,2915.06
2,-0.162657,0.645749,-0.113449,2916.73
2,-0.163932,0.645433,-0.114043,2918.76
2,-0.163394,0.644424,-0.11469,2920.81
2,-0.163058,0.644551,-0.115319,2922.13
2,-0.163336,0.644121,-0.11587,2922.96
2,-0.162549,0.644155,-0.116795,2927.02
2,-0.162394,0.642817,-0.117614,2929.67
2,-0.162259,0.642773,-0.118112,2931.16
2,-0.162373,0.642013,-0.118609,2931.51
2,-0.163399,0.641422,-0.119501,2934.58
2,-0.163387,0.641551,-0.120136,2935.47
2,-0.162398,0.642653,-0.120877,2938.16
2,-0.161319,0.642243,-0.121402,2939.67
2,-0.161325,0.642399,-0.121984,2940.35
2,-0.161241,0.642882,-0.12245,2940.84
2,-0.16141,0.642669,-0.123008,2941.76
2,-0.161801,0.642015,-0.123478,2942.11
2,-0.162065,0.641288,-0.124121,2944
2,-0.161311,0.639324,-0.124653,2945.34
2,-0.162285,0.639912,-0.125147,2946.35
2,-0.162438,0.639883,-0.125604,2946.48
2,-0.162367,0.639501,-0.126134,2947.51
2,-0.162708,0.639249,-0.126632,2948.18
2,-0.162678,0.639323,-0.127085,2948.36
2,-0.162832,0.639049,-0.127685,2949.4
2,-0.161778,0.638893,-0.128161,2949.78
2,-0.161776,0.63939,-0.128758,2951.06
2,-0.159705,0.638755,-0.129727,2955.79
2,-0.160668,0.638336,-0.130205,2956.3
2,-0.159274,0.639163,-0.130808,2958.17
2,-0.159071,0.638725,-0.131306,2958.69
2,-0.159708,0.638526,-0.131857,2959.97
2,-0.159445,0.638769,-0.132467,2960.92
2,-0.160179,0.639146,-0.133227,2963.21
2,-0.159498,0.638418,-0.133856,2964.34
2,-0.158775,0.638781,-0.134383,2965.15
2,-0.15892,0.638486,-0.134858,2965.57
2,-0.158823,0.638832,-0.135563,2966.83
2,-0.158889,0.639363,-0.136029,2967.12
2,-0.158451,0.63946,-0.136693,2968.74
2,-0.157548,0.639582,-0.137234,2969.43
2,-0.158384,0.639267,-0.138004,2971.57
2,-0.158665,0.639234,-0.138732,2974.27
2,-0.157812,0.637977,-0.139701,2978.83
2,-0.158719,0.63705,-0.140313,2980.54
2,-0.158792,0.637148,-0.140811,2981.04
2,-0.158308,0.636967,-0.141447,2982.57
2,-0.159724,0.636425,-0.141972,2984.6
2,-0.159408,0.636373,-0.142558,2987.18
2,-0.159179,0.636507,-0.143053,2987.72
2,-0.159915,0.636007,-0.143541,2988.77
2,-0.160615,0.636218,-0.144273,2990.88
2,-0.161349,0.637088,-0.144939,2993.66
2,-0.161708,0.638066,-0.145492,2994.38
2,-0.161486,0.638576,-0.146035,2994.92
2,-0.161758,0.639179,-0.146696,2996.27
2,-0.16122,0.640805,-0.147617,2999.78
2,-0.161358,0.64165,-0.148152,3000.73
2,-0.161534,0.641083,-0.14862,3001.2
2,-0.16111,0.640918,-0.14914,3001.92
2,-0.161046,0.64069,-0.149699,3002.7
2,-0.161181,0.639544,-0.150288,3005.28
2,-0.161187,0.639603,-0.150787,3005.51
2,-0.160741,0.639355,-0.15125,3005.75
2,-0.159569,0.638804,-0.151866,3007.13
2,-0.159813,0.639507,-0.152448,3008.15
2,-0.160397,0.638992,-0.152992,3009.17
2,-0.160005,0.638414,-0.153771,3011.82
2,-0.159219,0.637755,-0.15432,3012.76
2,-0.159176,0.63786,-0.155003,3014.05
2,-0.159283,0.638602,-0.15562,3015.26
2,-0.15994,0.639126,-0.15623,3016.18
2,-0.16002,0.639374,-0.156838,3017.8
2,-0.160768,0.640059,-0.157439,3019.06
2,-0.160813,0.640312,-0.157945,3019.43
2,-0.160333,0.640394,-0.158551,3020.2
2,-0.160167,0.63919,-0.159261,3022.5
2,-0.160085,0.639638,-0.159966,3023.79
2,-0.160738,0.639733,-0.160412,3024.58
2,-0.161993,0.639941,-0.160982,3025.78
2,-0.162233,0.640426,-0.161466,3026.05
2,-0.161313,0.640692,-0.162002,3027.28
2,-0.160989,0.639677,-0.162574,3028.89
2,-0.160537,0.639632,-0.163205,3029.95
2,-0.158651,0.641396,-0.163847,3032.84
2,-0.157785,0.640868,-0.164388,3033.62
2,-0.157651,0.640655,-0.165085,3036.18
2,-0.157923,0.640578,-0.165667,3037.14
2,-0.157649,0.640963,-0.166152,3037.57
2,-0.157832,0.641092,-0.166667,3037.94
2,-0.157253,0.640983,-0.16747,3040.07
2,-0.157557,0.640675,-0.168041,3041.31
2,-0.158442,0.640105,-0.168845,3045.38
2,-0.158432,0.640097,-0.169326,3046.34
2,-0.158353,0.639962,-0.169827,3046.64
2,-0.158064,0.640117,-0.170421,3047.91
2,-0.15831,0.638978,-0.17099,3048.7
2,-0.159146,0.639123,-0.171426,3049.08
2,-0.159117,0.639227,-0.171961,3049.73
2,-0.159327,0.638652,-0.172758,3052.38
2,-0.159246,0.639095,-0.173345,3053.45
2,-0.159253,0.638989,-0.173819,3053.55
2,-0.158371,0.639304,-0.174314,3054.51
2,-0.159235,0.639321,-0.174907,3056.37
2,-0.157579,0.638294,-0.175531,3058.95
2,-0.157609,0.638805,-0.176115,3059.81
2,-0.158269,0.63851,-0.176592,3060.25
2,-0.159159,0.64027,-0.177262,3061.81
2,-0.159072,0.640576,-0.177948,3064.73
2,-0.159255,0.641148,-0.17844,3064.95
2,-0.159172,0.64145,-0.17899,3065.56
2,-0.15879,0.641654,-0.179671,3067.19
2,-0.15893,0.641835,-0.180273,3068.35
2,-0.159129,0.642541,-0.180749,3068.86
2,-0.159699,0.643081,-0.181501,3071.07
2,-0.159494,0.643062,-0.182031,3071.81
2,-0.160793,0.64191,-0.182801,3074.76
2,-0.161237,0.641485,-0.183227,3075.08
2,-0.16138,0.641267,-0.183907,3076.61
2,-0.161186,0.640384,-0.184408,3077.19
2,-0.161003,0.640044,-0.184949,3077.88
2,-0.160523,0.638794,-0.185645,3079.29
2,-0.161104,0.638683,-0.186349,3080.73
2,-0.16386,0.636845,-0.187265,3085.67
2,-0.164749,0.63782,-0.187778,3086.26
2,-0.165413,0.637768,-0.188468,3088.25
2,-0.165443,0.637856,-0.189099,3089.72
2,-0.165454,0.637697,-0.189641,3090.18
2,-0.166107,0.638081,-0.190211,3091.1
2,-0.166379,0.63906,-0.191128,3094.23
2,-0.166381,0.638089,-0.191749,3095.75
2,-0.166534,0.638114,-0.19221,3096.16
2,-0.167137,0.637799,-0.192885,3098.44
2,-0.16553,0.637707,-0.193666,3101.25
2,-0.165787,0.637695,-0.1942,3101.64
2,-0.166201,0.637782,-0.19474,3102.52
2,-0.165264,0.63897,-0.195444,3104.93
2,-0.165007,0.639236,-0.195896,3105.19
2,-0.165302,0.638849,-0.19681,3108.09
2,-0.165204,0.639494,-0.197353,3108.96
2,-0.163936,0.639383,-0.198145,3111.82
2,-0.164228,0.639106,-0.198704,3112.89
2,-0.163226,0.639279,-0.199577,3115.66
2,-0.163147,0.639661,-0.200094,3116.12
2,-0.162533,0.639846,-0.200678,3116.93
2,-0.162832,0.640301,-0.201397,3119.49
2,-0.161357,0.640719,-0.202117,3122.1
2,-0.164253,0.638822,-0.203015,3127.17
2,-0.164428,0.63845,-0.203524,3128.11
2,-0.164577,0.638709,-0.2041,3128.57
2,-0.165452,0.638492,-0.204589,3129.36
2,-0.165291,0.638022,-0.205116,3129.96
2,-0.165423,0.63702,-0.205693,3131.3
2,-0.166359,0.63759,-0.206332,3132.34
2,-0.164525,0.636715,-0.206881,3134.11
2,-0.164483,0.636069,-0.207461,3135.39
2,-0.164175,0.635228,-0.20815,3136.91
2,-0.163823,0.634228,-0.208922,3139.45
2,-0.16411,0.634027,-0.20944,3141.19
2,-0.163846,0.633805,-0.209954,3141.57
2,-0.163198,0.634854,-0.210582,3143.58
2,-0.163586,0.635173,-0.211506,3148.28
2,-0.163578,0.635547,-0.211988,3148.81
2,-0.164419,0.63446,-0.212636,3151.02
2,-0.164577,0.634115,-0.213145,3151.28
2,-0.164167,0.633296,-0.213582,3151.99
2,-0.16494,0.633525,-0.214509,3157.75
2,-0.165934,0.633609,-0.215085,3159.12
2,-0.165962,0.633993,-0.215642,3160.01
2,-0.165737,0.633865,-0.2162,3161.55
2,-0.166121,0.634394,-0.216979,3163.72
2,-0.166138,0.63405,-0.217585,3164.91
2,-0.165847,0.634598,-0.218186,3166.38
2,-0.165765,0.634563,-0.218699,3166.76
2,-0.165632,0.633384,-0.21959,3169.59
2,-0.165653,0.633655,-0.220138,3170.34
2,-0.167368,0.633371,-0.220727,3171.55
2,-0.16786,0.633657,-0.221275,3172.59
2,-0.168498,0.634057,-0.221757,3173.05
2,-0.168464,0.63391,-0.222256,3173.47
2,-0.168571,0.633953,-0.222782,3173.95
2,-0.168837,0.633456,-0.223309,3174.53
2,-0.168801,0.633515,-0.223929,3175.93
2,-0.169433,0.633662,-0.224311,3176.29
2,-0.169843,0.634029,-0.224829,3176.72
2,-0.168679,0.634282,-0.225293,3177.33
2,-0.16787,0.634616,-0.225835,3178.06
2,-0.16859,0.634528,-0.226319,3178.74
2,-0.169075,0.634959,-0.227071,3180.71
2,-0.168843,0.635006,-0.227905,3183.17
2,-0.16867,0.634994,-0.228564,3183.95
2,-0.16881,0.634568,-0.229063,3184.36
2,-0.169056,0.634276,-0.229558,3184.58
2,-0.169063,0.633728,-0.230037,3185.14
2,-0.169445,0.633567,-0.230652,3186.47
2,-0.16893,0.63335,-0.231131,3186.85
2,-0.16891,0.632784,-0.231709,3187.46
2,-0.169052,0.632632,-0.232272,3189.62
2,-0.168741,0.632321,-0.232746,3189.96
2,-0.170403,0.631405,-0.233399,3191.76
2,-0.170987,0.631416,-0.23402,3192.62
2,-0.170525,0.630475,-0.234745,3194.4
2,-0.170224,0.629567,-0.235319,3195.93
2,-0.170402,0.62974,-0.235836,3196.51
2,-0.169505,0.6281,-0.236537,3198.29
2,-0.169475,0.628134,-0.237073,3198.61
2,-0.169509,0.629121,-0.237948,3201.95
2,-0.169608,0.628591,-0.238448,3203.59
2,-0.169039,0.628869,-0.239138,3205.15
2,-0.168929,0.629267,-0.239583,3205.38
2,-0.169491,0.629476,-0.24014,3206.18
2,-0.169533,0.629104,-0.241214,3212.22
2,-0.170046,0.630066,-0.241833,3213.39
2,-0.170076,0.630604,-0.242404,3214.4
2,-0.170708,0.631147,-0.243017,3216.49
2,-0.169512,0.630747,-0.243566,3217.78
2,-0.168959,0.630413,-0.244042,3218.11
2,-0.168803,0.630728,-0.244621,3219.19
2,-0.169205,0.631862,-0.245352,3221.05
2,-0.168823,0.631903,-0.245967,3221.84
2,-0.168819,0.632163,-0.246516,3222.34
2,-0.168647,0.632173,-0.247009,3222.77
2,-0.168659,0.632249,-0.247482,3222.92
2,-0.168541,0.632428,-0.247957,3223.13
2,-0.171273,0.631361,-0.248713,3226.63
2,-0.171471,0.631451,-0.249193,3226.76
2,-0.17081,0.631012,-0.249697,3227.27
2,-0.17074,0.63096,-0.250179,3228.12
2,-0.171311,0.630655,-0.250713,3229.19
2,-0.171478,0.630697,-0.251236,3229.75
2,-0.170936,0.630758,-0.251713,3230.16
2,-0.170313,0.629883,-0.252493,3232.58
2,-0.170272,0.628672,-0.253069,3234.68
2,-0.170521,0.628474,-0.253702,3236.42
2,-0.170886,0.629397,-0.254319,3238.22
2,-0.171623,0.629637,-0.254804,3238.65
2,-0.171803,0.628808,-0.255373,3239.76
2,-0.172667,0.628594,-0.256111,3242.25
2,-0.172151,0.62876,-0.256561,3242.44
2,-0.173336,0.629082,-0.257067,3243.21
2,-0.174488,0.628106,-0.257639,3244.62
2,-0.175037,0.628374,-0.258121,3244.94
2,-0.174668,0.628279,-0.25867,3245.88
2,-0.175823,0.627282,-0.259207,3246.89
2,-0.17611,0.62777,-0.259752,3247.69
2,-0.176356,0.627379,-0.260276,3248
2,-0.176563,0.626749,-0.26072,3248.46
2,-0.176159,0.627163,-0.261377,3249.7
2,-0.178379,0.62703,-0.262257,3253.27
2,-0.178461,0.626504,-0.262719,3253.72
2,-0.179909,0.627719,-0.263362,3256.02
2,-0.179783,0.628364,-0.264033,3259.72
2,-0.180189,0.627564,-0.264601,3261.84
2,-0.180101,0.62739,-0.265161,3262.58
2,-0.179896,0.627435,-0.266259,3266.95
2,-0.180238,0.62735,-0.266962,3268.61
2,-0.180818,0.627924,-0.267483,3269.5
2,-0.180608,0.627919,-0.2679,3269.61
2,-0.181239,0.627826,-0.268417,3270.19
2,-0.181711,0.628129,-0.268979,3271.36
2,-0.18277,0.628426,-0.2696,3272.8
2,-0.182941,0.628512,-0.270151,3273.32
2,-0.183696,0.629086,-0.270688,3274.11
2,-0.184989,0.629709,-0.271219,3275.01
2,-0.18382,0.629945,-0.271792,3276.01
2,-0.183673,0.630218,-0.272282,3276.32
2,-0.183622,0.631248,-0.272853,3277.18
2,-0.184088,0.632432,-0.273576,3279.29
2,-0.183955,0.632461,-0.274244,3281.02
2,-0.183762,0.632557,-0.27473,3281.32
2,-0.182408,0.632854,-0.275579,3285.58
2,-0.182313,0.633068,-0.276149,3286.62
2,-0.182442,0.632915,-0.2766,3286.73
2,-0.181815,0.63241,-0.277185,3288.26
2,-0.182058,0.633225,-0.277783,3289.31
2,-0.181552,0.634325,-0.278281,3290.13
2,-0.181289,0.634116,-0.278781,3290.81
2,-0.181041,0.634146,-0.279305,3291.31
2,-0.181225,0.633991,-0.279812,3291.96
2,-0.180645,0.635296,-0.280658,3294.5
2,-0.181012,0.635325,-0.281171,3295.15
2,-0.181016,0.635312,-0.281683,3295.57
2,-0.181239,0.63765,-0.282362,3297.99
2,-0.181665,0.638051,-0.282904,3298.77
2,-0.182326,0.638432,-0.283819,3302.61
2,-0.184681,0.637688,-0.284587,3305.49
2,-0.18451,0.637131,-0.285166,3306.18
2,-0.184746,0.636928,-0.28559,3306.31
2,-0.184558,0.637463,-0.286047,3306.53
2,-0.184164,0.637219,-0.286684,3308.08
2,-0.183948,0.637652,-0.287225,3308.73
2,-0.183794,0.637948,-0.287691,3309.48
2,-0.182809,0.639171,-0.288792,3315.27
2,-0.182331,0.638832,-0.289475,3316.71
2,-0.181971,0.63893,-0.289964,3316.89
2,-0.182819,0.638916,-0.290464,3317.97
2,-0.182222,0.639325,-0.291092,3319.06
2,-0.181819,0.639462,-0.291565,3319.47
2,-0.182042,0.639211,-0.292089,3319.92
2,-0.18243,0.640315,-0.292751,3321.6
2,-0.18319,0.642202,-0.293465,3325.2
2,-0.182812,0.642825,-0.293968,3325.95
2,-0.183183,0.642665,-0.294706,3327.81
2,-0.183028,0.642888,-0.295191,3328.46
2,-0.182936,0.642185,-0.295668,3329.08
2,-0.181396,0.642432,-0.296362,3330.56
2,-0.181533,0.6417,-0.296901,3331.23
2,-0.181666,0.641471,-0.297479,3332.15
2,-0.181531,0.641849,-0.298055,3333
2,-0.18153,0.641103,-0.298523,3333.46
2,-0.180747,0.640518,-0.299003,3334.07
2,-0.181622,0.63997,-0.299652,3335.61
2,-0.181551,0.640031,-0.300145,3336.11
2,-0.182185,0.639796,-0.30065,3337.42
2,-0.182073,0.639941,-0.301179,3337.98
2,-0.182392,0.63893,-0.302028,3340.71
2,-0.182834,0.638161,-0.302582,3342.58
2,-0.183088,0.638427,-0.30311,3343.27
2,-0.18372,0.63842,-0.303602,3343.76
2,-0.183835,0.63831,-0.304134,3344.11
2,-0.183659,0.638219,-0.304637,3344.87
2,-0.183195,0.640273,-0.305293,3347.22
2,-0.183218,0.63937,-0.305942,3349.84
2,-0.183302,0.637923,-0.306801,3353.64
2,-0.183938,0.637491,-0.307328,3354.15
2,-0.18415,0.637901,-0.307865,3355
2,-0.18431,0.638279,-0.308405,3355.41
2,-0.184829,0.63813,-0.30913,3357.37
2,-0.184884,0.637827,-0.309611,3357.55
2,-0.185171,0.637697,-0.310161,3359.46
2,-0.186124,0.63888,-0.310679,3360.79
2,-0.187392,0.63857,-0.311248,3361.76
2,-0.187415,0.638488,-0.311713,3361.93
2,-0.187154,0.638858,-0.312252,3362.47
2,-0.187091,0.639362,-0.312742,3363.17
2,-0.187168,0.639506,-0.313243,3363.42
2,-0.186284,0.63966,-0.31425,3367.79
2,-0.186547,0.640033,-0.314703,3367.97
2,-0.186444,0.64,-0.315173,3368.12
2,-0.186421,0.640066,-0.315734,3368.65
2,-0.186369,0.640119,-0.31632,3369.38
2,-0.186164,0.639998,-0.31678,3369.69
2,-0.185976,0.639773,-0.317319,3370.17
2,-0.186087,0.640002,-0.317793,3370.35
2,-0.186039,0.640489,-0.318428,3372.8
2,-0.185554,0.64084,-0.318945,3373.56
2,-0.186138,0.640071,-0.3195,3374.27
2,-0.185155,0.638992,-0.320037,3375.88
2,-0.185007,0.639334,-0.320739,3377.7
2,-0.185625,0.638708,-0.321274,3378.35
2,-0.185495,0.639312,-0.321802,3379.28
2,-0.185374,0.639502,-0.322344,3380.21
2,-0.185557,0.639152,-0.322882,3381.21
2,-0.186299,0.639189,-0.323598,3382.91
2,-0.186719,0.639484,-0.324191,3383.75
2,-0.186501,0.639038,-0.324635,3384.18
2,-0.186197,0.638999,-0.3253,3385.81
2,-0.186561,0.638793,-0.325852,3387.06
2,-0.187038,0.638912,-0.326352,3387.72
2,-0.186958,0.636169,-0.327162,3392.29
2,-0.187462,0.635476,-0.327689,3393.65
2,-0.187924,0.635737,-0.328285,3394.92
2,-0.187228,0.635894,-0.328881,3395.69
2,-0.186769,0.635109,-0.329435,3396.71
2,-0.186914,0.634766,-0.330102,3397.96
2,-0.186855,0.635234,-0.330585,3398.35
2,-0.187575,0.634959,-0.331049,3399.27
2,-0.188041,0.634185,-0.331766,3401.22
2,-0.187464,0.633866,-0.332299,3401.7
2,-0.187696,0.634294,-0.332757,3402.05
2,-0.187997,0.634446,-0.333412,3403.69
2,-0.187657,0.635803,-0.334103,3405.35
2,-0.18771,0.635465,-0.334548,3405.47
2,-0.190554,0.635032,-0.335241,3409.18
2,-0.190131,0.635465,-0.335808,3409.88
2,-0.19052,0.634959,-0.33627,3410.28
2,-0.190452,0.634836,-0.3369,3411.31
2,-0.189926,0.635005,-0.337553,3412.87
2,-0.190822,0.634248,-0.338141,3414.38
2,-0.190488,0.633786,-0.338607,3414.6
2,-0.189974,0.634363,-0.33914,3415.62
2,-0.189926,0.634679,-0.339687,3416.16
2,-0.191253,0.635058,-0.340169,3416.74
2,-0.190865,0.635057,-0.340718,3417.46
2,-0.191173,0.633734,-0.341649,3421.89
2,-0.191862,0.633534,-0.342156,3422.68
2,-0.192513,0.6336,-0.342705,3423.57
2,-0.19297,0.634199,-0.343371,3425.01
2,-0.192944,0.634556,-0.343968,3427.84
2,-0.193764,0.63562,-0.344808,3430.46
2,-0.194045,0.63531,-0.345341,3431.23
2,-0.194041,0.635172,-0.345913,3431.89
2,-0.194424,0.636251,-0.346435,3433.24
2,-0.192919,0.635279,-0.34712,3434.88
2,-0.192906,0.635458,-0.347691,3435.7
2,-0.192252,0.635378,-0.348371,3437.02
2,-0.192811,0.635338,-0.348825,3437.27
2,-0.192677,0.635752,-0.349444,3438.12
2,-0.192194,0.635324,-0.349943,3438.76
2,-0.191817,0.635466,-0.350484,3439.48
2,-0.192186,0.635269,-0.351124,3440.38
2,-0.192733,0.634653,-0.351632,3441.1
2,-0.192268,0.634093,-0.35212,3441.42
2,-0.193734,0.633692,-0.352664,3443.58
2,-0.193612,0.633647,-0.353231,3443.85
2,-0.193049,0.633762,-0.353764,3444.58
2,-0.19272,0.634035,-0.354302,3445.2
2,-0.193286,0.632626,-0.355113,3449.13
2,-0.192146,0.632308,-0.355677,3449.94
2,-0.193168,0.632365,-0.356355,3452.47
2,-0.192866,0.632581,-0.356919,3453.3
2,-0.193212,0.633698,-0.357765,3457.59
2,-0.193106,0.63334,-0.358229,3458.05
2,-0.192313,0.633157,-0.359336,3462.82
2,-0.192024,0.633427,-0.35986,3464.25
2,-0.191598,0.633387,-0.360321,3464.59
2,-0.192786,0.634007,-0.360949,3465.54
2,-0.192204,0.634507,-0.361438,3466.12
2,-0.192549,0.634206,-0.361986,3466.88
2,-0.192393,0.634624,-0.362737,3468.87
2,-0.191915,0.636893,-0.363763,3472.57
2,-0.190423,0.634562,-0.364755,3479.29
2,-0.190236,0.634459,-0.365302,3480.25
2,-0.189711,0.635662,-0.365857,3480.74
2,-0.189651,0.635336,-0.366369,3481.62
2,-0.189862,0.635368,-0.366901,3482.59
2,-0.190497,0.635353,-0.36745,3483.45
2,-0.189923,0.635474,-0.368002,3484.49
2,-0.190098,0.636093,-0.368572,3485.35
2,-0.190586,0.636011,-0.369096,3486.11
2,-0.190622,0.635438,-0.369671,3487.38
2,-0.19147,0.636546,-0.370224,3488.56
2,-0.190892,0.637446,-0.370835,3489.7
2,-0.190933,0.637562,-0.371321,3490.14
2,-0.191224,0.636988,-0.371844,3491.22
2,-0.191459,0.636938,-0.372338,3491.59
2,-0.190545,0.63766,-0.372944,3492.37
2,-0.18958,0.637172,-0.37349,3493.25
2,-0.189073,0.637173,-0.374033,3493.84
2,-0.188909,0.637466,-0.374588,3494.27
2,-0.189249,0.637245,-0.37514,3495.21
2,-0.189046,0.638383,-0.375853,3497.9
2,-0.189321,0.638735,-0.376321,3498.53
2,-0.189672,0.63829,-0.376903,3499.13
2,-0.190257,0.637495,-0.377576,3502.69
2,-0.191606,0.637346,-0.378161,3505.78
2,-0.192733,0.637426,-0.378702,3507.47
2,-0.194261,0.63643,-0.379677,3514.44
2,-0.195398,0.636257,-0.380492,3518.04
2,-0.194917,0.636257,-0.381053,3518.56
2,-0.195793,0.636184,-0.381689,3519.63
2,-0.195849,0.636013,-0.382125,3519.75
2,-0.196541,0.635996,-0.382608,3520.12
2,-0.196322,0.635009,-0.383313,3521.93
2,-0.19702,0.635813,-0.383797,3522.84
2,-0.197651,0.63545,-0.384265,3523.6
2,-0.19781,0.635037,-0.384787,3523.99
2,-0.196689,0.634756,-0.38541,3525.95
2,-0.195581,0.633739,-0.386089,3527.61
2,-0.196329,0.633661,-0.386719,3528.61
2,-0.196516,0.634094,-0.387253,3529.24
2,-0.196491,0.634046,-0.387915,3531.14
2,-0.197387,0.63336,-0.388444,3532.26
2,-0.197819,0.633334,-0.388961,3533.06
2,-0.198553,0.635593,-0.389917,3539.02
2,-0.198799,0.635936,-0.39042,3539.36
2,-0.198235,0.635093,-0.390931,3541.27
2,-0.197797,0.633453,-0.39161,3544.88
2,-0.196978,0.633988,-0.392169,3545.34
2,-0.197039,0.633984,-0.39271,3545.53
2,-0.197205,0.633791,-0.393152,3545.75
2,-0.197768,0.634509,-0.393717,3546.74
2,-0.198077,0.634452,-0.394193,3547.43
2,-0.19867,0.634427,-0.394704,3547.99
2,-0.199365,0.634708,-0.395344,3550.1
2,-0.200269,0.6344,-0.395908,3551.4
2,-0.199525,0.634106,-0.396544,3552.18
2,-0.199879,0.634231,-0.397044,3553.05
2,-0.199387,0.633964,-0.397609,3553.89
2,-0.198632,0.634171,-0.398237,3555.09
2,-0.198829,0.63436,-0.398774,3555.42
2,-0.198561,0.634724,-0.399371,3555.77
2,-0.19888,0.634325,-0.399835,3556.24
2,-0.198846,0.634281,-0.400559,3557.67
2,-0.199198,0.634888,-0.401307,3559.83
2,-0.198754,0.63494,-0.401846,3560.18
2,-0.198817,0.637182,-0.40304,3565.11
2,-0.199082,0.638064,-0.403869,3567.75
2,-0.199743,0.638211,-0.404355,3568.62
2,-0.199827,0.638366,-0.404876,3569.17
2,-0.19979,0.639179,-0.405595,3570.22
2,-0.200087,0.639511,-0.406134,3570.81
2,-0.198964,0.641199,-0.406901,3572.9
2,-0.199663,0.642427,-0.407526,3574.44
2,-0.199537,0.644218,-0.408119,3575.43
2,-0.19869,0.644126,-0.408767,3576.95
2,-0.198496,0.644763,-0.40943,3577.95
2,-0.197206,0.645354,-0.410181,3579.32
2,-0.197915,0.64554,-0.410643,3579.87
2,-0.197097,0.645848,-0.411238,3580.36
2,-0.197883,0.646716,-0.411923,3582.57
2,-0.19775,0.64589,-0.412475,3583.48
2,-0.197573,0.645965,-0.41302,3584.02
2,-0.197673,0.645438,-0.413508,3584.39
2,-0.196738,0.645552,-0.414157,3585.65
2,-0.196023,0.645489,-0.414901,3587.25
2,-0.196275,0.645675,-0.415938,3590.52
2,-0.195333,0.646536,-0.416998,3593.69
2,-0.195383,0.646975,-0.417587,3594.83
2,-0.194915,0.646865,-0.418343,3596.66
2,-0.194217,0.64779,-0.41908,3598
2,-0.193084,0.64758,-0.419858,3599.31
2,-0.193163,0.64874,-0.420557,3600.7
2,-0.192335,0.648864,-0.421151,3601.12
2,-0.192164,0.64849,-0.421678,3601.48
2,-0.192394,0.647178,-0.422538,3605.04
2,-0.193445,0.647253,-0.423006,3605.69
2,-0.193542,0.647391,-0.423567,3606.23
2,-0.193553,0.646899,-0.42405,3606.85
2,-0.19373,0.647009,-0.424699,3607.86
2,-0.194085,0.647199,-0.425265,3608.8
2,-0.193743,0.647508,-0.426052,3610.28
2,-0.193088,0.648161,-0.426963,3613.17
2,-0.192988,0.648005,-0.427545,3613.77
2,-0.192636,0.647973,-0.428187,3614.33
2,-0.192449,0.647708,-0.428704,3614.86
2,-0.192744,0.645208,-0.430048,3622.64
2,-0.193344,0.644351,-0.430577,3625.72
2,-0.194222,0.643372,-0.430986,3626.67
2,-0.193614,0.643329,-0.431764,3628.46
2,-0.193249,0.643362,-0.432334,3628.92
2,-0.193104,0.643447,-0.432897,3629.4
2,-0.193287,0.643675,-0.433476,3630.23
2,-0.193515,0.643225,-0.433975,3631.63
2,-0.195891,0.642477,-0.434529,3635.31
2,-0.19582,0.642552,-0.435151,3635.86
2,-0.195376,0.642771,-0.436109,3638.59
2,-0.195706,0.643053,-0.436755,3641.7
2,-0.19581,0.643024,-0.437329,3642.57
2,-0.196107,0.643246,-0.437812,3642.78
2,-0.195836,0.644008,-0.43881,3644.89
2,-0.195642,0.6446,-0.439839,3647.18
2,-0.196024,0.644021,-0.440943,3651.91
2,-0.19618,0.643483,-0.441549,3653.51
2,-0.196592,0.64394,-0.442052,3653.84
2,-0.19714,0.645142,-0.442892,3657.38
2,-0.197135,0.644383,-0.443755,3659.39
2,-0.19712,0.644403,-0.44428,3660.24
2,-0.198114,0.643697,-0.444693,3661.47
2,-0.19755,0.642748,-0.445602,3663.94
2,-0.198322,0.643015,-0.446003,3664.82
2,-0.198586,0.642873,-0.446475,3665.04
2,-0.19868,0.641639,-0.447115,3668.02
2,-0.198871,0.640987,-0.447543,3668.44
2,-0.197147,0.640021,-0.448882,3673.24
2,-0.196592,0.639457,-0.449842,3676.09
2,-0.19686,0.639161,-0.450416,3677.43
2,-0.197283,0.637867,-0.450909,3679.13
2,-0.196586,0.638524,-0.452016,3681.59
2,-0.196759,0.638348,-0.452567,3682.11
2,-0.197518,0.637636,-0.453045,3683.3
2,-0.197003,0.638653,-0.454287,3687.69
2,-0.196923,0.638371,-0.454815,3688.05
2,-0.197004,0.638349,-0.455532,3689.9
2,-0.196761,0.637149,-0.456424,3693.33
2,-0.19789,0.638095,-0.457126,3696.35
2,-0.198173,0.63824,-0.457639,3697.36
2,-0.198547,0.638197,-0.458114,3698.14
2,-0.198771,0.637726,-0.458693,3699.19
2,-0.201942,0.633955,-0.458711,3708.55
2,-0.203092,0.634077,-0.459092,3709.71
2,-0.203527,0.63401,-0.45953,3710.43
2,-0.204917,0.633521,-0.459595,3711.14
2,-0.205767,0.633667,-0.459941,3712
2,-0.208039,0.634433,-0.459942,3714.32
2,-0.208357,0.63292,-0.460253,3715.87
2,-0.208422,0.632837,-0.460808,3716.47
2,-0.208957,0.632737,-0.461156,3716.78
2,-0.209145,0.632637,-0.461597,3716.91
2,-0.208551,0.633088,-0.462618,3719.53
2,-0.207828,0.634125,-0.464174,3723.81
2,-0.20817,0.634339,-0.464584,3724.34
2,-0.208603,0.633888,-0.464963,3724.96
2,-0.20842,0.633959,-0.46587,3726.4
2,-0.208585,0.633876,-0.466328,3726.66
2,-0.209314,0.633856,-0.466666,3727.54
2,-0.208835,0.63536,-0.468189,3732.56
2,-0.209173,0.635735,-0.468811,3733.9
2,-0.209151,0.635274,-0.469338,3734.29
2,-0.209684,0.635346,-0.469704,3734.79
2,-0.210065,0.636402,-0.470417,3736.31
2,-0.209298,0.636957,-0.471988,3740.17
2,-0.209035,0.636441,-0.47283,3742.28
2,-0.209894,0.63734,-0.473251,3743.61
2,-0.211173,0.637118,-0.473337,3746.46
2,-0.211812,0.637735,-0.473744,3747.55
2,-0.212039,0.637685,-0.474137,3747.85
2,-0.212068,0.638573,-0.475103,3749.31
2,-0.211828,0.639179,-0.476099,3751.63
2,-0.212114,0.638905,-0.476518,3751.98
2,-0.212499,0.638782,-0.476815,3752.23
2,-0.212577,0.639194,-0.477532,3752.57
2,-0.212123,0.640065,-0.478631,3753.24
2,-0.21145,0.638991,-0.479807,3755.42
2,-0.212287,0.638792,-0.479977,3756.84
2,-0.212031,0.639263,-0.480917,3757.52
2,-0.212835,0.63932,-0.481307,3760.25
2,-0.21271,0.637157,-0.482084,3763.67
2,-0.213387,0.636172,-0.482093,3764.48
2,-0.213914,0.636429,-0.482481,3765.58
2,-0.214042,0.636776,-0.48326,3767.08
2,-0.213997,0.636496,-0.483954,3768.5
2,-0.214163,0.636134,-0.484341,3768.7
2,-0.215474,0.635736,-0.484149,3771.36
2,-0.214885,0.635864,-0.485547,3772.79
2,-0.215318,0.63558,-0.485882,3774.42
2,-0.215835,0.635928,-0.486149,3775.19
2,-0.216503,0.636193,-0.486237,3775.86
2,-0.21702,0.635755,-0.486566,3777.7
2,-0.217035,0.635507,-0.487408,3778.58
2,